station_id,latitude,longitude,elevation,state,name,additional_info
USW00000102,66.9831,-160.4331,51.2,AK,BOB BARKER MEMORIAL AP,
USW00000103,65.6169,-168.1,7.0,AK,WALES AP,
USW00000111,64.37,-161.2239,7.0,AK,SHAKTOOLIK AP,
USW00000113,66.8181,-161.0219,17.1,AK,ROBERT CURTIS MEMORIAL AP,
USW00000130,28.95,-98.5169,131.1,TX,PLEASANTON MUNI AP,
USW00000132,44.0331,-89.3,262.1,WI,WAUTOMA MUNI AP,
USW00000133,35.6,-92.45,157.3,AR,CLINTON MUNI AP,
USW00000153,37.4,-77.5169,72.2,VA,CHESTERFIELD CO AP,
USW00000154,36.7831,-76.45,7.0,VA,HAMPTON ROADS EXECUTIVE AP,
USW00000157,40.75,-106.2669,2486.3,CO,WALDEN JACKSON COUNTY AP,
USW00000160,40.0331,-105.2169,1612.1,CO,BOULDER MUNI AP,
USW00000166,30.5,-97.9669,375.2,TX,LAGO VISTA RUSTY ALLEN AP,
USW00000176,32.7169,-98.8919,391.1,TX,STEPHENS COUNTY AP,
USW00000209,33.6,-97.7831,336.2,TX,BOWIE MUNI AP,
USW00000225,30.5331,-98.3669,333.1,TX,HORSESHOE BAY RESORT AP,
USW00000229,31.1061,-98.1961,370.0,TX,LAMPASAS AP,
USW00000230,30.395,-97.5669,188.1,TX,AUSTIN EXECUTIVE AP,
USW00000263,29.7239,-98.695,422.1,TX,BOERNE STAGE FIELD AP,
USW00000270,28.2089,-100.0189,236.2,TX,FAITH RCH AP,
USW00000349,32.3311,-102.53,967.1,TX,ANDREWS COUNTY AP,
USW00000351,30.8789,-96.9711,123.1,TX,CAMERON MUNI AP,
USW00000357,31.6661,-98.1489,396.2,TX,HAMILTON MUNI AP,
USW00000362,31.4169,-97.8,276.1,TX,GATESVILLE MUNI AP,
USW00000373,33.6169,-92.7669,40.2,AR,HARRELL FIELD AP,
USW00000393,65.2331,-166.35,89.0,AK,TELLER AP,
USW00000428,34.0997,-93.0661,55.8,AR,DEXTER B FLORENCE MEM FLD AP,
USW00000448,32.9306,-96.4356,175.3,TX,RALPH M HALL ROCKWALL MUNI AP,
USW00000461,31.6411,-96.5144,166.1,TX,MEXIA LIMESTONE COUNTY AP,
USW00000471,29.6342,-104.3614,896.1,TX,PRESIDIO LELY INTL AP,
USW00000477,29.5292,-97.4642,108.2,TX,ROGER M DREYER MEM AP,
USW00000490,66.8881,-157.1625,62.8,AK,SHUNGNAK AP,
USW00003012,36.45,-105.6667,2161.3,NM,TAOS MUNI AP,
USW00003013,38.0717,-102.6875,1124.1,CO,LAMAR MUNI AP,
USW00003016,39.5278,-107.7197,1684.0,CO,RIFLE GARFIELD CO AP,
USW00003017,39.8467,-104.6561,1647.1,CO,DENVER INTL AP,
USW00003024,35.695,-101.3956,926.9,TX,BORGER HUTCHINSON CO AP,
USW00003026,39.2414,-102.2819,1278.3,CO,BURLINGTON CARSON AP,
USW00003029,35.6569,-109.0603,2055.3,AZ,WINDOW ROCK AP,
USW00003030,36.6819,-101.5053,948.8,OK,GUYMON MUNI AP,
USW00003032,30.0481,-102.2128,701.0,TX,DRYDEN TERRELL CO AP,
USW00003035,32.8525,-104.4675,1079.3,NM,ARTESIA MUNI AP,
USW00003044,32.2125,-101.5214,784.3,TX,BIG SPRING WRINKLE AP,
USW00003049,30.3833,-103.6833,1375.6,TX,ALPINE CASPARIS AP,
USW00003050,32.6933,-100.9506,740.7,TX,SNYDER WINSTON FLD AP,
USW00003056,32.6753,-102.6544,1010.4,TX,GAINES CO AP,
USW00003058,31.3825,-103.5108,796.4,TX,PECOS MUNI AP,
USW00003102,34.0531,-117.5769,281.6,CA,ONTARIO INTL AP,
USW00003103,35.1442,-111.6664,2133.3,AZ,FLAGSTAFF AP,
USW00003104,33.6317,-116.1642,-36.0,CA,DESERT RESORTS RGNL AP,
USW00003122,33.8017,-118.3411,27.4,CA,TORRANCE AP,
USW00003144,32.8347,-115.5767,-16.8,CA,IMPERIAL CO AP,
USW00003160,36.6206,-116.0278,984.5,NV,DESERT ROCK AP,
USW00003162,36.9211,-111.4486,1307.0,AZ,PAGE MUNI AP,
USW00003166,33.8717,-117.9855,26.2,CA,FULLERTON MUNI AP,
USW00003167,33.9236,-118.3328,16.8,CA,HAWTHORNE MUNI AP,
USW00003170,39.6014,-116.0056,1809.3,NV,EUREKA AP,
USW00003171,33.9528,-117.4353,257.6,CA,RIVERSIDE MUNI AP,
USW00003177,33.13,-117.2764,95.4,CA,CARLSBAD MCCLELLAN PALOMAR AP,
USW00003179,33.9756,-117.625,193.9,CA,CHINO AP,
USW00003184,33.6903,-112.0661,453.2,AZ,PHOENIX DEER VALLEY MUNI AP,
USW00003192,33.6122,-111.923,436.2,AZ,SCOTTSDALE MUNI AP,
USW00003195,35.9458,-112.1553,1993.4,AZ,GRAND CANYON NP AP,
USW00003196,31.4208,-110.8467,1193.0,AZ,NOGALES INTL AP,
USW00003802,39.3022,-80.2239,367.3,WV,CLARKSBURG BENEDUM AP,
USW00003804,39.3394,-81.4439,245.4,WV,PARKERSBURG AP,
USW00003809,36.0003,-89.4094,91.4,TN,DYERSBURG MUNI AP,
USW00003810,35.7419,-81.3822,356.6,NC,HICKORY FAA AP,
USW00003811,35.5933,-88.9169,129.2,TN,JACKSON MCKELLAR- SIPES AP,
USW00003812,35.4317,-82.5378,645.6,NC,ASHEVILLE AP,
USW00003813,32.6889,-83.6531,104.5,GA,MACON MIDDLE GA RGNL AP,
USW00003814,36.9667,-84.1333,359.1,KY,CORBIN CAA AP,
USW00003817,36.6,-89.9833,92.0,MO,MALDEN FAA AP,
USW00003818,30.8369,-85.1836,32.6,FL,MARIANNA MUNI AP,
USW00003820,33.3653,-81.9636,40.8,GA,AUGUSTA BUSH FLD AP,
USW00003822,32.1314,-81.2022,8.8,GA,SAVANNAH INTL AP,
USW00003838,38.9833,-89.1667,163.1,IL,VANDALIA FAA AP,
USW00003847,35.9508,-85.0814,568.5,TN,CROSSVILLE MEM AP,
USW00003849,37.0894,-84.0689,360.0,KY,LONDON CORBIN AP,
USW00003856,34.6442,-86.7861,189.9,AL,HUNTSVILLE INTNL AP,
USW00003859,37.2978,-81.2036,870.2,WV,BLUEFIELD MERCER CO AP,
USW00003860,38.3653,-82.5547,251.2,WV,HUNTINGTON TRI-STATE AP,
USW00003868,39.4428,-87.3219,172.8,IN,TERRE HAUTE HULMAN RGNL AP,
USW00003872,37.7836,-81.1228,760.2,WV,BECKLEY RALEIGH CO AP,
USW00003878,31.8575,-86.0103,118.6,AL,TROY MUNI AP,
USW00003882,30.2119,-85.6828,12.8,FL,PANAMA CITY BAY CO AP,
USW00003887,39.8308,-88.8719,205.1,IL,DECATUR AP,
USW00003888,33.7775,-84.5247,245.1,GA,ATLANTA FULTON CO AP,
USW00003892,32.6161,-85.4333,236.5,AL,AUBURN OPELIKA AP,
USW00003893,39.1431,-86.6167,253.3,IN,BLOOMINGTON MONROE CO AP,
USW00003894,36.6169,-87.4117,167.6,TN,CLARKSVILLE OUTLAW AP,
USW00003896,33.9667,-86.0833,173.4,AL,GADSDEN MUNI AP,
USW00003901,32.3908,-94.7139,107.3,TX,LONGVIEW E TX RGNL AP,
USW00003918,36.2908,-92.59,219.2,AR,FLIPPIN MARION CO RGNL AP,
USW00003919,38.78,-97.6444,385.0,KS,SALINA MUNI AP,
USW00003927,32.8975,-97.0219,165.8,TX,DAL-FTW WSCMO AP,
USW00003929,38.8439,-94.5603,321.9,MO,KANSAS CITY R GEBAUR AP,
USW00003932,35.3567,-99.2042,584.6,OK,CLINTON-SHERMAN AP,
USW00003935,37.2256,-89.5786,101.8,MO,CAPE GIRARDEAU MUNI AP,
USW00003938,37.75,-92.15,351.1,MO,WAYNESVILLE REGNL AP,
USW00003940,32.3197,-90.0778,90.2,MS,JACKSON INTL AP,
USW00003945,38.8169,-92.2147,272.2,MO,COLUMBIA RGNL AP,GSN
USW00003947,39.2975,-94.7308,307.2,MO,KANSAS CITY INTL AP,
USW00003950,34.5578,-98.4172,326.1,OK,LAWTON MUNI AP,
USW00003953,35.8356,-90.6442,78.9,AR,JONESBORO MUNI AP,
USW00003954,35.5411,-97.6472,390.1,OK,OKLAHOMA CITY WILEY POST AP,
USW00003959,36.7664,-96.0131,210.3,OK,BARTLESVILLE MUNI AP,
USW00003960,38.5639,-90.1486,123.4,IL,CAHOKIA ST LOUIS DWTN AP,
USW00003961,31.6167,-91.2833,82.9,MS,NATCHEZ ADAM CO AP,
USW00003963,38.5944,-92.1567,165.8,MO,JEFFERSON CITY MEM AP,
USW00003965,36.1625,-97.0894,292.9,OK,STILLWATER RGNL AP,
USW00003966,38.6575,-90.6558,139.6,MO,ST LOUIS SPIRIT OF ST LOUIS AP,
USW00003967,38.85,-94.7394,327.4,KS,OLATHE JOHNSON CO EXECUTIVE AP,
USW00003971,32.6781,-96.8678,200.6,TX,DALLAS REDBIRD AP,
USW00003975,36.7697,-90.3225,99.7,MO,POPLAR BLUFF MUNI AP,
USW00003978,36.35,-94.2167,395.0,AR,BENTONVILLE MUNI AP,
USW00003985,32.565,-97.3081,213.4,TX,FORT WORTH SPINKS AP,
USW00003991,33.2089,-97.1992,194.8,TX,DENTON MUNICPAL AP,
USW00003994,38.7119,-93.1747,271.6,MO,SEDALIA MEM AP,
USW00003996,32.3481,-91.03,25.3,LA,TALLULAH VICKSBURG RGNL AP,
USW00003998,37.3281,-95.5044,264.0,KS,PARSONS TRI CITY AP,
USW00003999,30.7406,-98.2353,386.2,TX,BURNET MUNI AP,
USW00004110,42.7272,-114.4547,1226.5,ID,JEROME CO AP,
USW00004113,45.8258,-119.2611,195.1,OR,HERMISTON MUNI AP,
USW00004114,44.5231,-114.2161,1534.1,ID,CHALLIS AP,
USW00004201,45.7692,-122.8636,14.9,OR,SCAPPOOSE IND AP,
USW00004205,48.1606,-122.1589,41.8,WA,ARLINGTON MUNI AP,
USW00004724,43.1083,-78.9381,178.3,NY,NIAGARA FALLS INTL AP,
USW00004726,40.315,-78.8308,694.0,PA,JOHNSTOWN CAMBRIA CO AP,
USW00004742,44.65,-73.4667,71.9,NY,PLATTSBURGH INTL AP,
USW00004751,41.7983,-78.6356,642.2,PA,BRADFORD RGNL AP,
USW00004780,42.555,-71.7569,102.4,MA,FITCHBURG MUNI AP,
USW00004781,40.7939,-73.1019,25.3,NY,ISLIP-LI MACARTHUR AP,
USW00004787,41.1794,-78.8933,550.5,PA,DUBOIS RGNL AP,
USW00004789,41.5092,-74.2644,108.2,NY,MONTGOMERY ORANGE CO AP,
USW00004803,45.6314,-89.4825,502.3,WI,RHINELANDER ONEIDA CO AP,
USW00004804,40.0783,-83.0783,274.9,OH,COLUMBUS OHIO STATE UNIV AP,
USW00004808,41.7714,-88.4814,213.7,IL,CHICAGO AURORA MUNI AP,
USW00004824,44.85,-87.4167,220.7,WI,STURGEON BAY AP,
USW00004825,44.2667,-88.5167,279.5,WI,APPLETON OUTAGAMIE AP,
USW00004827,40.1333,-80.2833,361.2,PA,WASHINGTON CO AP,
USW00004836,47.2853,-68.3072,300.2,ME,FRENCHVILLE NTHRN AROOSTOOK AP,
USW00004838,42.1208,-87.9047,191.7,IL,CHICAGO PALWAUKEE AP,
USW00004839,42.7464,-86.0967,206.3,MI,HOLLAND TULIP CITY AP,
USW00004840,43.7694,-88.4908,242.3,WI,FOND DU LAC CO AP,
USW00004841,43.7747,-87.8492,228.9,WI,SHEBOYGAN CO MEM AP,
USW00004842,40.8733,-81.8886,336.8,OH,WOOSTER WAYNE CO AP,
USW00004843,41.6258,-80.2122,427.6,PA,MEADVILLE PORT MEADVILLE AP,
USW00004845,42.5953,-87.9383,223.4,WI,KENOSHA RGNL AP,
USW00004846,41.4536,-86.9981,234.1,IN,VALPARAISO PORTER CO MUNI AP,
USW00004847,41.8678,-84.0794,244.1,MI,ADRIAN LENAWEE CO AP,
USW00004849,41.3464,-82.1789,241.1,OH,ELYRIA LORAIN CO AP,
USW00004850,40.7081,-84.0214,292.9,OH,LIMA ALLEN CO AP,
USW00004851,41.3358,-84.4286,215.2,OH,DEFIANCE AP,
USW00004853,41.5256,-81.6692,177.4,OH,CLEVELAND BURKE LAKEFRONT AP,
USW00004854,45.0167,-84.6894,406.0,MI,GAYLORD OTSEGO CO AP,
USW00004855,40.6158,-83.0672,300.2,OH,MARION MUNI AP,
USW00004857,41.7794,-80.6969,278.3,OH,ASHTABULA CO AP,
USW00004858,40.0264,-82.4633,267.6,OH,NEWARK HEATH AP,
USW00004864,45.1542,-89.1106,463.9,WI,ANTIGO LANGLADE CO AP,
USW00004869,46.25,-84.4667,243.5,MI,CHIPPEWA INTL AP,
USW00004891,45.1992,-89.7114,401.4,WI,MERRILL MUNI AP,
USW00004895,44.55,-89.5333,338.3,WI,STEVENS POINT MUNI AP,
USW00004901,40.8931,-97.9972,548.3,NE,AURORA MUNI AP,
USW00004902,43.6647,-92.9333,375.8,MN,AUSTIN MUNI AP,
USW00004916,43.2753,-91.7392,352.7,IA,DECORAH MUNI AP,
USW00004927,43.6767,-92.1797,388.9,MN,PRESTONE FILLMORE AP,
USW00004935,40.45,-99.3392,702.3,NE,HOLDREGE BREWSTER FLD AP,
USW00004955,42.6808,-91.9744,328.0,IA,OELWEIN MUNI AP,
USW00004956,44.0769,-91.7081,199.9,MN,WINONA MUNI AP,
USW00004963,43.0192,-91.1236,201.5,WI,PRAIRIE DU CHIEN AP,
USW00004967,44.5892,-92.4847,237.7,MN,RED WING RGNL AP,
USW00004978,44.0178,-92.8314,397.8,MN,DODGE CTR AP,
USW00004998,40.1492,-97.5867,449.0,NE,HEBRON MUNI AP,
USW00012809,27.95,-81.7833,57.0,FL,BARTOW MUNI AP,
USW00012812,26.9183,-81.9939,6.1,FL,PUNTA GORDA CHARLOTTE CO AP,
USW00012815,28.4183,-81.3242,27.1,FL,ORLANDO INTL AP,
USW00012816,29.6917,-82.2761,40.5,FL,GAINESVILLE RGNL AP,
USW00012818,28.4739,-82.4536,19.8,FL,BROOKSVILLE HERNANDO CO AP,
USW00012819,28.8214,-81.8097,20.7,FL,LEESBURG MUNI AP,
USW00012832,29.7269,-85.0247,5.5,FL,APALACHICOLA AP,
USW00012833,29.6333,-83.1053,11.6,FL,CROSS CITY AP,
USW00012834,29.1736,-81.0719,7.9,FL,DAYTONA BEACH INTL AP,
USW00012835,26.585,-81.8614,4.0,FL,FT MYERS PAGE FLD AP,
USW00012836,24.5569,-81.7553,0.3,FL,KEY W INTL AP,GSN
USW00012838,28.0997,-80.6356,6.7,FL,MELBOURNE INTL AP,
USW00012839,25.7881,-80.3169,1.5,FL,MIAMI INTL AP,
USW00012841,28.5467,-81.3356,31.7,FL,ORLANDO EXECUTIVE AP,
USW00012842,27.9633,-82.54,1.8,FL,TAMPA INTL AP,GSN
USW00012843,27.6553,-80.4142,5.8,FL,VERO BEACH INTL AP,
USW00012844,26.685,-80.0992,3.7,FL,W PALM BEACH INTL AP,
USW00012849,26.0789,-80.1622,0.9,FL,FT LAUDERDALE INTL AP,
USW00012854,28.7794,-81.2436,14.9,FL,ORLANDO SANFORD AP,
USW00012871,27.4014,-82.5586,5.2,FL,SARASOTA BRADENTON AP,
USW00012876,28.0614,-81.7569,43.6,FL,WINTER HAVEN GILBERT AP,
USW00012882,25.9103,-80.2828,1.2,FL,MIAMI OPA LOCKA AP,
USW00012883,28.0,-82.05,45.1,FL,LAKELAND LINDER RGNL AP,
USW00012885,26.1992,-80.1778,3.7,FL,FT LAUDERDALE EXECUTIVE AP,
USW00012888,25.6422,-80.4347,1.8,FL,MIAMI KENDALL TAMIAMI EXEC AP,
USW00012894,26.5381,-81.7567,8.2,FL,FT MYERS SW FLORIDA RGNL AP,
USW00012895,27.4981,-80.3764,5.8,FL,FT PIERCE ST LUCIE CO INTL AP,
USW00012896,24.7261,-81.0478,0.9,FL,MARATHON AP,
USW00012897,26.155,-81.7753,2.1,FL,NAPLES MUNI AP,
USW00012907,27.5333,-99.4667,150.6,TX,LAREDO INTL AP,
USW00012912,28.8625,-96.93,33.8,TX,VICTORIA RGNL AP,
USW00012916,29.9975,-90.2778,-0.9,LA,NEW ORLEANS AP,GSN
USW00012917,29.9519,-94.0261,4.0,TX,PORT ARTHUR SE TX RGNL AP,
USW00012918,29.6458,-95.2822,13.1,TX,HOUSTON WILLIAM P HOBBY AP,
USW00012920,27.5333,-99.4667,152.4,TX,LAREDO WB AP,
USW00012921,29.5442,-98.4839,243.5,TX,SAN ANTONIO INTL AP,GSN
USW00012922,28.7833,-97.0833,35.1,TX,VICTORIA WB AP,
USW00012927,29.5664,-90.6603,4.0,LA,HOUMA TERREBONNE AP,
USW00012932,27.7414,-98.025,51.8,TX,ALICE INTL AP,
USW00012935,28.7247,-96.2536,3.0,TX,PALACIOS MUNI AP,
USW00012947,28.4586,-99.2228,143.9,TX,COTULLA LA SALLE CO AP,
USW00012953,29.2661,-96.0075,30.5,TX,WHARTON RGNL AP,
USW00012957,26.1597,-97.3378,5.2,TX,PORT ISABEL CAMERON CO AP,
USW00012959,26.1792,-98.2444,30.2,TX,MCALLEN MILLER INTL AP,
USW00012960,29.9844,-95.3608,27.4,TX,HOUSTON INTERCONTINENTAL AP,
USW00012961,29.9833,-99.0833,492.9,TX,KERRVILLE MUNI AP,
USW00012962,29.36,-99.1742,281.0,TX,HONDO MUNI AP,
USW00012970,29.3389,-98.4719,173.1,TX,SAN ANTONIO STINSON MUNI AP,
USW00012972,28.0836,-97.0467,7.3,TX,ROCKPORT ARANSAS CO AP,
USW00012978,29.9078,-96.95,98.8,TX,FAYETTE RGNL AP,
USW00012979,29.8908,-97.8644,182.0,TX,SAN MARCOS MUNI AP,
USW00012981,28.9731,-95.8633,13.7,TX,BAY CITY MUNI AP,
USW00012985,29.2114,-99.7436,287.1,TX,GARNER FLD AP,
USW00013722,35.8922,-78.7819,120.4,NC,RALEIGH AP,GSN
USW00013723,36.0969,-79.9431,274.9,NC,GREENSBORO AP,
USW00013726,37.0833,-77.95,135.9,VA,BLACKSTONE FAA AP,
USW00013728,36.5728,-79.335,168.2,VA,DANVILLE RGNL AP,
USW00013729,38.89,-79.8556,595.9,WV,ELKINS- RANDOLPH CO AP,
USW00013732,38.0667,-78.15,135.0,VA,GORDONSVILLE FAA AP,
USW00013733,37.3214,-79.2064,274.9,VA,LYNCHBURG RGNL AP,
USW00013735,39.3661,-75.0778,17.7,NJ,MILLVILLE MUNI AP,
USW00013736,39.6497,-79.9206,373.7,WV,MORGANTOWN MUNI AP,
USW00013737,36.9036,-76.1928,3.4,VA,NORFOLK INTL AP,
USW00013739,39.8733,-75.2269,2.1,PA,PHILA INTL AP,
USW00013740,37.5117,-77.3233,50.6,VA,RICHMOND INTL AP,
USW00013741,37.3172,-79.9736,346.9,VA,ROANOKE-BLACKSBURG RGNL AP,
USW00013743,38.8472,-77.0344,4.0,VA,WASHINGTON REAGAN NATL AP,GSN
USW00013744,34.1878,-79.7308,43.0,SC,FLORENCE RGNL AP,
USW00013746,35.9667,-77.8,25.9,NC,ROCKY MT FAA AP,
USW00013747,36.4167,-78.15,132.0,NC,WARRENTON WB AP,
USW00013748,34.2667,-77.9,7.0,NC,WILMINGTON INTL AP,
USW00013764,38.6897,-75.3625,15.2,DE,GEORGETOWN-DELAWARE COASTAL AP,
USW00013766,35.9172,-75.7,4.0,NC,MANTEO AP,
USW00013776,34.6081,-79.0589,36.9,NC,LUMBERTON RGNL AP,
USW00013781,39.6744,-75.6056,22.6,DE,WILMINGTON NEW CASTLE CO AP,
USW00013803,39.2667,-85.9,199.9,IN,COLUMBUS BAKALAR AP,
USW00013827,36.0089,-86.52,165.5,TN,SMYRNA AP,
USW00013833,31.2694,-89.2561,44.8,MS,HATTIESBURG CHAIN MUNI AP,
USW00013837,33.4667,-82.0383,125.0,GA,AUGUSTA DANIEL FLD AP,
USW00013838,30.6147,-88.0631,4.9,AL,MOBILE DWTN AP,
USW00013839,31.3178,-85.4433,112.2,AL,DOTHAN RGNL AP,
USW00013866,38.3794,-81.5911,278.0,WV,CHARLESTON - YEAGER AP,
USW00013868,37.0833,-80.7833,668.1,VA,PULASKI FAA AP,
USW00013869,31.5364,-84.1958,58.2,GA,ALBANY SW GEORGIA RGNL AP,
USW00013870,31.54,-82.5072,58.2,GA,ALMA BACON CO AP,
USW00013871,33.5906,-85.8478,182.0,AL,ANNISTON METRO AP,
USW00013873,33.9478,-83.3272,239.0,GA,ATHENS BEN EPPS AP,
USW00013876,33.5656,-86.745,187.8,AL,BIRMINGHAM AP,
USW00013877,36.4797,-82.3989,456.0,TN,BRISTOL AP,
USW00013878,31.1528,-81.3906,4.3,GA,BRUNSWICK-MCKINNON AP,
USW00013880,32.8994,-80.0408,11.9,SC,CHARLESTON INTL AP,
USW00013881,35.2225,-80.9544,222.5,NC,CHARLOTTE DOUGLAS AP,
USW00013882,35.0336,-85.2003,203.9,TN,CHATTANOOGA AP,GSN
USW00013884,30.7772,-86.5194,46.9,FL,CRESTVIEW FAA/AP,
USW00013885,31.4167,-87.0333,78.0,AL,EVERGREEN FAA AP,
USW00013886,34.8486,-82.35,310.0,SC,GREENVILLE DWTN AP,
USW00013891,35.8181,-83.9858,296.0,TN,KNOXVILLE AP,
USW00013893,35.0564,-89.9864,76.5,TN,MEMPHIS INTL AP,
USW00013895,32.2997,-86.4075,66.1,AL,MONTGOMERY AP,
USW00013896,34.7439,-87.5997,165.8,AL,MUSCLE SHOALS AP,
USW00013897,36.1106,-86.6881,178.9,TN,NASHVILLE INTL AP,
USW00013899,30.4761,-87.1858,36.0,FL,PENSACOLA RGNL AP,
USW00013904,30.1831,-97.68,146.6,TX,AUSTIN BERGSTROM INTL AP,
USW00013905,30.6333,-96.4667,81.1,TX,BRYAN CAA AP,
USW00013922,38.8,-97.65,387.4,KS,SALINA FAA AP,
USW00013925,34.6003,-91.5744,68.3,AR,STUTTGART MUNI AP,
USW00013926,33.0678,-96.0653,163.1,TX,GREENVILLE MUNI AP MAJORS FLD,
USW00013932,37.165,-97.035,351.1,KS,WINFIELD STROTHER FLD AP,
USW00013940,38.35,-98.8667,573.0,KS,GREAT BEND MUNI AP,
USW00013942,32.5156,-92.03,22.3,LA,MONROE RGNL AP,
USW00013959,31.6181,-97.2283,151.8,TX,WACO RGNL AP,
USW00013960,32.8383,-96.8358,147.5,TX,DALLAS FAA AP,
USW00013962,32.4106,-99.6819,544.7,TX,ABILENE RGNL AP,GSN
USW00013963,34.7272,-92.2358,76.5,AR,LITTLE ROCK AP ADAMS FLD,
USW00013964,35.3333,-94.3653,136.6,AR,FT SMITH RGNL AP,GSN
USW00013965,34.3,-97.0167,221.0,OK,ARDMORE FAA AP,
USW00013966,33.9786,-98.493,308.8,TX,WICHITA FALLS MUNI AP,
USW00013968,36.1986,-95.8783,194.8,OK,TULSA INTL AP,
USW00013969,36.7369,-97.1022,304.2,OK,PONCA CITY MUNI AP,
USW00013970,30.5378,-91.1469,20.4,LA,BATON ROUGE METRO AP,
USW00013971,36.2672,-93.1567,417.9,AR,HARRISON BOONE CO AP,
USW00013973,30.5106,-99.7664,521.5,TX,JUNCTION KIMBLE CO AP,
USW00013975,36.2967,-99.7686,666.0,OK,GAGE AP,
USW00013976,30.1986,-91.9894,10.7,LA,LAFAYETTE RGNL AP,
USW00013978,33.4961,-90.0894,42.7,MS,GREENWOOD LEFLORE AP,
USW00013979,32.4,-90.7833,36.9,MS,VICKSBURG CAA AP,
USW00013981,37.6706,-95.4847,298.7,KS,CHANUTE MARTIN JOHNSON AP,
USW00013983,38.9667,-92.3667,237.1,MO,COLUMBIA WSO AP,
USW00013986,38.0683,-97.8608,463.3,KS,HUTCHINSON MUNI AP,
USW00013987,37.1522,-94.4953,296.3,MO,JOPLIN RGNL AP,
USW00013988,39.1278,-94.5892,226.2,MO,KANSAS CITY DWTN AP,
USW00013990,38.4333,-95.8,352.0,KS,LEBO CAA AP,
USW00013993,39.7683,-94.9094,246.0,MO,ST JOSEPH ROSECRANS MEM AP,
USW00013994,38.7525,-90.3733,161.8,MO,ST LOUIS LAMBERT INTL AP,
USW00013997,38.1317,-91.7647,338.3,MO,VICHY ROLLA NATL AP,
USW00014604,46.6833,-68.05,1480.1,ME,PRESQUE ISLE AP,
USW00014605,44.3161,-69.7969,106.4,ME,AUGUSTA STATE AP,
USW00014606,44.7978,-68.8186,44.8,ME,BANGOR INTL AP,
USW00014609,46.1183,-67.7928,146.3,ME,HOULTON AP,
USW00014610,45.6478,-68.6925,122.2,ME,MILLINOCKET MUNI AP,
USW00014615,44.5333,-69.6667,94.5,ME,WATERVILLE LEFLEUR AP,
USW00014622,44.95,-68.6667,41.1,ME,OLD TOWN FAA AP,
USW00014707,41.3281,-72.0489,2.4,CT,GROTON NEW LONDON AP,
USW00014710,42.9297,-71.4356,69.8,NH,MANCHESTER AP,
USW00014711,40.1961,-76.7725,91.1,PA,MIDDLETOWN HARRISBURG INTL AP,
USW00014712,40.3733,-75.9592,101.2,PA,READING RGNL AP,
USW00014719,40.8506,-72.6192,13.1,NY,WESTHAMPTON GABRESKI AP,
USW00014732,40.7794,-73.8803,3.0,NY,LAGUARDIA AP,
USW00014734,40.6828,-74.1692,1.8,NJ,NEWARK LIBERTY INTL AP,
USW00014735,42.7472,-73.7992,85.3,NY,ALBANY INTL AP,
USW00014736,40.3,-78.3167,446.5,PA,ALTOONA BLAIR CO AP,
USW00014737,40.6497,-75.4478,117.3,PA,ALLENTOWN LEHIGH VLY INTL AP,
USW00014738,42.0833,-76.1,253.9,NY,BINGHAMTON WB AP,
USW00014740,41.9375,-72.6819,51.5,CT,HARTFORD-BRADLEY INTL AP,
USW00014741,41.15,-79.1,427.0,PA,BROOKVILLE FAA AP,
USW00014742,44.4683,-73.15,101.2,VT,BURLINGTON INTL AP,GSN
USW00014746,41.05,-78.5833,675.1,PA,CURWENSVILLE WB AP,
USW00014747,42.4933,-79.2761,203.9,NY,DUNKIRK CHAUTAUQUA CO AP,
USW00014748,42.1567,-76.9028,285.3,NY,ELMIRA CORNING RGNL AP,
USW00014749,42.9667,-74.6667,217.0,NY,FT PLAIN WB AP,
USW00014750,43.3386,-73.6103,97.8,NY,GLENS FALLS AP,
USW00014751,40.2183,-76.8553,102.1,PA,HARRISBURG CAPITAL CITY AP,
USW00014754,41.1386,-75.2225,584.0,PA,TOBYHANNA POCONO MTN AP,
USW00014756,41.2542,-70.0589,11.3,MA,NANTUCKET MEM AP,
USW00014757,41.6258,-73.8817,46.6,NY,POUGHKEEPSIE AP,
USW00014758,41.2589,-72.8892,1.8,CT,NEW HAVEN TWEED AP,
USW00014762,40.355,-79.9214,379.2,PA,PITTSBURGH ALLEGHENY CO AP,
USW00014763,42.4269,-73.2892,351.1,MA,PITTSFIELD MUNI AP,
USW00014770,40.8192,-76.8658,135.3,PA,SELINSGROVE PENN VALLEY AP,
USW00014771,43.1111,-76.1039,125.0,NY,SYRACUSE HANCOCK INTL AP,GSN
USW00014774,43.1667,-75.3167,163.1,NY,UTICA AP,
USW00014775,42.16,-72.7125,80.5,MA,WESTFIELD BARNES MUNI AP,
USW00014776,43.6333,-72.3167,173.1,NH,LEBANON CAA AP,
USW00014777,41.3336,-75.7228,289.9,PA,WILKES-BARRE/SCRANTON INTL AP,
USW00014778,41.2431,-76.9217,159.7,PA,WILLIAMSPORT RGNL AP,
USW00014780,40.0333,-74.3167,36.9,NJ,LAKEHURST AP,
USW00014787,41.53,-71.2833,45.1,RI,NEWPORT STATE AP,
USW00014792,40.2769,-74.8158,57.9,NJ,TRENTON-MERCER AP,
USW00014794,41.3508,-71.8056,19.8,RI,WESTERLY STATE AP,
USW00014808,44.45,-83.4,188.1,MI,OSCODA WURTSMITH AP,
USW00014812,41.2833,-80.2,394.1,PA,MERCER WB AP,
USW00014813,41.0372,-81.4633,318.2,OH,AKRON FULTON INTL AP,
USW00014815,42.3119,-85.2414,282.5,MI,BATTLE CREEK KELLOGG AP,
USW00014816,41.2333,-89.6167,242.0,IL,BRADFORD FAA AP,
USW00014819,41.7842,-87.7553,185.9,IL,CHICAGO MIDWAY AP,
USW00014821,39.9906,-82.8769,246.9,OH,JOHN GLENN INTL AP,
USW00014822,42.4072,-83.0089,189.9,MI,DETROIT CITY AP,
USW00014823,40.6833,-80.6333,355.1,OH,EAST LIVERPOOL WB AP,
USW00014825,41.0136,-83.6681,246.6,OH,FINDLAY AP,
USW00014827,40.9725,-85.2064,242.9,IN,FT WAYNE INTL AP,
USW00014829,41.5264,-85.7872,251.2,IN,GOSHEN MUNI AP,
USW00014830,42.9,-85.6667,213.1,MI,GRAND RAPIDS WB AP,
USW00014835,40.4122,-86.9475,181.7,IN,LAFAYETTE PURDUE UNIV AP,
USW00014836,42.7761,-84.5997,261.2,MI,LANSING CAPITAL CITY AP,
USW00014837,43.1406,-89.3453,261.8,WI,MADISON DANE CO RGNL AP,
USW00014839,42.955,-87.9044,203.3,WI,MILWAUKEE MITCHELL AP,
USW00014840,43.1711,-86.2369,190.2,MI,MUSKEGON CO AP,
USW00014841,45.5644,-84.7928,215.2,MI,PELLSTON RGNL AP,
USW00014843,41.7833,-81.1,210.9,OH,PERRY CAA AP,
USW00014844,42.35,-89.05,225.9,IL,ROCKFORD CAA AP,
USW00014845,43.5281,-84.0814,201.8,MI,SAGINAW MBS INTL AP,
USW00014848,41.7072,-86.3164,235.3,IN,S BEND AP,
USW00014849,41.5667,-83.4667,193.9,OH,TOLEDO WB AP,
USW00014850,44.7389,-85.5678,185.3,MI,TRAVERSE CY CHERRY CAPITAL AP,
USW00014852,41.2547,-80.6736,355.7,OH,YOUNGSTOWN-WARREN RGNL AP,
USW00014853,42.2367,-83.5264,215.8,MI,DETROIT WILLOW RUN AP,
USW00014858,47.1658,-88.4808,324.0,MI,HANCOCK HOUGHTON CO AP,
USW00014860,42.0803,-80.1822,222.2,PA,ERIE INTL AP,
USW00014880,42.4256,-87.8633,216.4,IL,CHICAGO WAUKEGAN RGNL AP,
USW00014891,40.8203,-82.5178,392.9,OH,MANSFIELD LAHM RGNL AP,
USW00014894,40.17,-80.6442,364.2,WV,WHEELING OHIO CO AP,
USW00014895,40.9181,-81.4433,368.8,OH,AKRON CANTON AP,
USW00014905,40.7333,-99.0,649.2,NE,KEARNEY MUNI AP,
USW00014914,46.9242,-96.812,272.8,ND,FARGO HECTOR INTL AP,
USW00014916,47.9428,-97.1831,255.4,ND,GRAND FORKS INTL AP,
USW00014918,48.5594,-93.3956,352.7,MN,INTL FALLS INTL AP,
USW00014919,46.9258,-98.6703,455.7,ND,JAMESTOWN MUNI AP,
USW00014920,43.8792,-91.2531,198.1,WI,LA CROSSE MUNI AP,
USW00014921,43.2111,-90.1875,217.9,WI,LONE ROCK TRI CO AP,
USW00014922,44.8853,-93.2314,254.5,MN,MINNEAPOLIS-ST PAUL INTL AP,GSN
USW00014923,41.4481,-90.5236,175.6,IL,MOLINE QUAD CITY INTL AP,
USW00014925,43.9039,-92.4919,398.1,MN,ROCHESTER INTL AP,
USW00014926,45.5442,-94.0517,310.3,MN,ST CLOUD RGNL AP,
USW00014927,44.9322,-93.0558,213.4,MN,ST PAUL DWTN AP,
USW00014928,45.1167,-95.0833,345.0,MN,WILLMAR AP,
USW00014930,41.45,-95.0667,353.0,IA,ATLANTIC CAA AP,
USW00014931,40.7728,-91.1256,208.2,IA,BURLINGTON MUNI AP,
USW00014933,41.5339,-93.6531,286.2,IA,DES MOINES INTL AP,GSN
USW00014935,40.9614,-98.3131,561.7,NE,GRAND IS CNTRL NE RGNL AP,
USW00014936,44.3792,-98.2228,390.8,SD,HURON RGNL AP,GSN
USW00014937,41.6394,-91.5444,198.7,IA,IOWA CITY MUNI AP,
USW00014938,40.0967,-92.5469,291.4,MO,KIRKSVILLE RGNL AP,
USW00014939,40.8478,-96.7647,356.6,NE,LINCOLN AP,
USW00014940,43.1544,-93.3261,362.1,IA,MASON CITY MUNI AP,
USW00014941,41.98,-97.4336,476.1,NE,NORFOLK KARL STEFAN MEM AP,GSN
USW00014943,42.3917,-96.3794,332.8,IA,SIOUX CITY AP,
USW00014946,44.9044,-97.1494,530.7,SD,WATERTOWN RGNL AP,
USW00014950,41.1008,-92.4444,254.2,IA,OTTUMWA IND AP,
USW00014954,44.2167,-93.9167,311.2,MN,MANKATO MUNI AP,
USW00014966,43.0725,-92.6108,342.9,IA,NE IOWA RGNL AP,
USW00014972,43.1683,-95.21,407.5,IA,SPENCER MUNI AP,
USW00014990,41.8831,-91.7247,256.0,IA,CEDAR RAPIDS MUNI AP,
USW00014991,44.8667,-91.4881,269.4,WI,CHIPPEWA VALLEY RGNL AP,
USW00014992,44.5483,-95.0806,312.7,MN,REDWOOD FALLS MUNI AP,
USW00021504,19.7192,-155.0489,8.8,HI,HILO INTL AP 87,GSN
USW00021510,19.7378,-156.0481,11.3,HI,KAILUA KONA KE-AHOLE AP,
USW00022010,29.3783,-100.9269,305.7,TX,DEL RIO INTL AP,
USW00022516,20.8886,-156.4344,14.0,HI,KAHULUI AP,
USW00022521,21.3239,-157.9394,1.8,HI,HONOLULU INTL AP,
USW00022534,21.1544,-157.0961,134.1,HI,MOLOKAI KAUNAKAKAI MOLOKAI AP,
USW00022536,21.9806,-159.3386,32.0,HI,LIHUE WSO AP 1020.1,GSN
USW00022551,21.3056,-158.0658,3.0,HI,EWA KALAELOA AP,
USW00023007,34.4275,-100.2839,594.1,TX,CHILDRESS MUNI AP,
USW00023020,37.05,-100.9667,875.7,KS,LIBERAL MUNI AP,
USW00023040,31.78,-103.2017,858.3,TX,WINK FAA AP,
USW00023043,33.4,-104.5333,1106.1,NM,ROSWELL MUNI AP,
USW00023044,31.8122,-106.3775,1202.1,TX,EL PASO INTL AP,GSN
USW00023045,31.9333,-108.9833,1254.9,NM,RODEO CAA AP,
USW00023046,33.2333,-107.0167,1478.0,NM,ENGLE CAA AP,
USW00023048,35.1806,-103.6014,1230.8,NM,TUCUMCARI MUNI AP,
USW00023049,35.6108,-106.0958,1916.3,NM,SANTA FE CO MUNI AP,
USW00023050,35.0419,-106.6156,1618.5,NM,ALBUQUERQUE INTL AP,GSN
USW00023052,36.7417,-104.5078,1936.4,NM,RATON MUNI CREWS FLD AP,
USW00023053,35.5333,-100.9667,985.1,TX,PAMPA WB AP,
USW00023054,35.6558,-105.1386,2094.0,NM,LAS VEGAS MUNI AP,
USW00023056,35.0833,-106.0167,1900.1,NM,OTTO FAA AP,
USW00023057,35.05,-107.7167,2007.1,NM,ACOMITA CAA AP,
USW00023059,31.75,-105.0833,1132.9,TX,SALT FLAT CAA AP,
USW00023060,35.0167,-108.4,2171.1,NM,EL MORRO CAA AP,
USW00023063,39.65,-106.9167,1980.3,CO,EAGLE FAA AP,
USW00023064,37.9219,-100.7242,877.2,KS,GARDEN CITY RGNL AP,
USW00023067,38.0494,-103.5133,1278.6,CO,LA JUNTA MUNI AP,
USW00023070,37.2622,-104.3319,1749.2,CO,TRINIDAD AP,
USW00023077,34.4333,-103.0833,1285.0,NM,CLOVIS MUNICIPAL AP,
USW00023078,32.2592,-107.7206,1311.6,NM,DEMING MUNI AP,
USW00023081,35.5086,-108.7931,1970.2,NM,GALLUP MUNI AP,
USW00023091,30.9119,-102.9172,917.8,TX,FT STOCKTON PECOS CO AP,
USW00023129,33.8117,-118.1472,10.4,CA,LONG BEACH DAUGHERTY AP,
USW00023130,34.2122,-118.4914,239.3,CA,VAN NUYS AP,
USW00023131,34.5833,-117.3833,869.0,CA,VICTORVILLE SO CA AP,
USW00023136,34.2114,-119.0875,21.6,CA,CAMARILLO AP,
USW00023152,34.1997,-118.3656,222.8,CA,BURBANK GLENDALE PASADENA AP,
USW00023153,38.0506,-117.0906,1645.6,NV,TONOPAH AP,
USW00023154,39.2953,-114.8467,1905.0,NV,ELY AP,GSN
USW00023155,35.4342,-119.0553,149.4,CA,BAKERSFIELD AP,
USW00023157,37.3711,-118.3589,1252.7,CA,BISHOP AP,
USW00023159,37.7014,-112.1489,2309.8,UT,BRYCE CANYON AP,
USW00023160,32.1317,-110.9564,777.5,AZ,TUCSON INTL AP,
USW00023161,34.8536,-116.7869,584.9,CA,BARSTOW-DAGGETT AP,
USW00023169,36.0719,-115.1633,662.9,NV,MCCARRAN INTL AP,GSN
USW00023173,36.2333,-115.0333,573.9,NV,LAS VEGAS WB AP,
USW00023174,33.9381,-118.3867,29.6,CA,LOS ANGELES INTL AP,
USW00023176,38.4225,-113.0108,1533.4,UT,MILFORD MUNI AP,
USW00023178,32.8667,-116.4167,1893.1,CA,MT LAGUNA CAA AP,
USW00023179,34.7678,-114.6183,270.7,CA,NEEDLES AP,
USW00023180,34.4,-118.55,370.0,CA,NEWHALL AP,
USW00023181,33.2333,-117.4167,7.9,CA,OCEANSIDE CAA AP,
USW00023182,34.6294,-118.0831,764.7,CA,PALMDALE AP,
USW00023183,33.4278,-112.0036,339.2,AZ,PHOENIX AP,GSN
USW00023185,39.5078,-119.7683,1342.6,NV,RENO AP,
USW00023186,37.1,-113.6,894.9,UT,ST GEORGE MUNI AP,
USW00023188,32.7336,-117.1831,4.6,CA,SAN DIEGO INTL AP,GSN
USW00023190,34.4242,-119.8425,2.4,CA,SANTA BARBARA MUNI AP,
USW00023191,33.4042,-118.4144,477.0,CA,AVALON CATALINA AP,
USW00023192,35.3333,-116.0833,281.0,CA,SILVER LAKE CAA AP,
USW00023194,35.0281,-110.7219,1489.3,AZ,WINSLOW AP,
USW00023195,32.6667,-114.6,62.8,AZ,YUMA WSO AP,
USW00023213,38.5036,-122.8111,36.3,CA,SANTA ROSA SONOMA CO AP,
USW00023225,39.2761,-120.7092,1611.2,CA,BLUE CANYON NYACK AP,
USW00023230,37.7178,-122.2331,1.5,CA,OAKLAND INTL AP,
USW00023232,38.5067,-121.4961,5.8,CA,SACRAMENTO AP ASOS,
USW00023233,36.6636,-121.6092,22.3,CA,SALINAS AP,
USW00023234,37.6197,-122.3656,3.0,CA,SAN FRANCISCO INTL AP,
USW00023237,37.89,-121.2264,8.2,CA,STOCKTON AP,
USW00023238,39.1,-122.15,39.0,CA,WILLIAMS CAA AP,
USW00023243,34.6667,-120.4667,26.8,CA,LOMPOC AP,
USW00023257,37.2858,-120.5178,46.3,CA,MERCED MUNI AP,
USW00023258,37.6256,-120.955,26.5,CA,MODESTO AP,
USW00023259,36.5903,-121.8489,48.8,CA,MONTEREY PENINSUL AP,
USW00023273,34.8942,-120.4522,74.1,CA,SANTA MARIA PUBLIC AP,
USW00023275,39.1278,-123.2003,183.8,CA,UKIAH MUNI AP,
USW00023277,36.9394,-121.79,49.4,CA,WATSONVILLE MUNI AP,
USW00023285,37.6931,-121.815,119.8,CA,LIVERMORE MUNI AP,
USW00024013,48.2519,-101.2689,505.1,ND,MINOT INTL AP,
USW00024015,40.1744,-103.2147,1428.0,CO,AKRON WASHINGTON CO AP,
USW00024017,42.8372,-103.0981,1003.1,NE,CHADRON MUNI AP,
USW00024019,42.75,-105.3667,1487.1,WY,DOUGLAS CAA AP,
USW00024021,42.8153,-108.7261,1698.3,WY,LANDER AP,GSN
USW00024022,41.3164,-105.6728,2216.8,WY,LARAMIE AP,
USW00024023,41.1219,-100.6689,841.9,NE,N PLATTE RGNL AP,GSN
USW00024024,44.0511,-101.6014,672.7,SD,PHILIP AP,
USW00024025,44.3819,-100.2864,524.0,SD,PIERRE RGNL AP,
USW00024027,41.5947,-109.0528,2059.8,WY,ROCK SPRINGS AP,
USW00024028,41.8747,-103.6011,1206.1,NE,SCOTTSBLUFF W B HEILIG FLD AP,
USW00024029,44.7603,-106.9742,1210.4,WY,SHERIDAN AP,GSN
USW00024030,41.0992,-102.9864,1307.0,NE,SIDNEY MUNI AP,
USW00024031,41.8,-107.05,2000.1,WY,SINCLAIR CAA AP,
USW00024032,42.8586,-100.5514,791.0,NE,VALENTINE MILLER FLD AP,
USW00024033,45.8072,-108.5461,1094.2,MT,BILLINGS INTL AP,
USW00024036,47.0544,-109.4567,1257.3,MT,LEWISTOWN AP,
USW00024037,46.4264,-105.8833,800.1,MT,MILES CITY AP,
USW00024044,42.0572,-102.8017,1196.3,NE,ALLIANCE MUNI AP ASOS,
USW00024045,44.5167,-109.0167,1553.9,WY,CODY MUNICIPAL AP,
USW00024046,40.4931,-107.5239,1884.9,CO,CRAIG MOFFAT CO AP,
USW00024048,44.5172,-108.0753,1190.2,WY,GREYBULL S BIG HORN CO AP,
USW00024051,40.4356,-104.6319,1431.6,CO,GREELEY WELD CO AP,
USW00024057,41.8064,-107.1953,2063.2,WY,RAWLINS AP,
USW00024062,43.9653,-107.9503,1278.6,WY,WORLAND MUNI AP,
USW00024089,42.8978,-106.4736,1621.2,WY,CASPER-NATRONA CO AP,
USW00024090,44.0458,-103.0545,963.8,SD,RAPID CITY RGNL AP,
USW00024091,40.5106,-101.6244,996.4,NE,IMPERIAL MUNI AP,
USW00024110,47.1931,-119.3147,356.3,WA,MOSES LAKE GRANT CO AP,
USW00024118,41.4,-110.4167,2140.9,WY,FT BRIDGER AP,
USW00024121,40.8239,-115.7864,1540.5,NV,ELKO RGNL AP,
USW00024122,40.35,-112.05,1513.9,UT,FAIRFIELD CAA AP,
USW00024126,41.1942,-112.0169,1356.1,UT,OGDEN HINKLEY AP,
USW00024127,40.7706,-111.965,1288.4,UT,SALT LAKE CITY INTL AP,
USW00024128,40.9017,-117.8081,1310.6,NV,WINNEMUCCA AP,GSN
USW00024130,44.8431,-117.81,1025.0,OR,BAKER CITY AP,
USW00024132,45.7875,-111.1614,1350.6,MT,BOZEMAN GALLATIN FLD AP,
USW00024133,42.5453,-113.7686,1262.8,ID,BURLEY MUNI AP,
USW00024135,45.9644,-112.5014,1677.9,MT,BUTTE BERT MOONEY AP,
USW00024136,47.7667,-116.8167,703.2,ID,COEUR D ALENE AP,
USW00024137,48.6036,-112.3767,1172.0,MT,CUT BANK AP,
USW00024138,45.2583,-112.5545,1584.7,MT,DILLON AP,
USW00024141,47.3078,-119.5156,382.2,WA,EPHRATA AP,
USW00024143,47.4733,-111.3828,1117.7,MT,GREAT FALLS AP,
USW00024144,46.6044,-111.9892,1178.1,MT,HELENA AP ASOS,GSN
USW00024145,43.5206,-112.0675,1442.6,ID,IDAHO FALLS FAA AP,
USW00024148,45.2833,-118.0,826.9,OR,LA GRANDE MUNI AP,
USW00024149,46.3744,-117.0153,435.9,ID,LEWISTON AP,
USW00024150,45.6983,-110.4417,1415.8,MT,LIVINGSTON AP,
USW00024153,46.9208,-114.0939,973.8,MT,MISSOULA INTL AP,
USW00024156,42.9197,-112.5722,1356.7,ID,POCATELLO RGNL AP,GSN
USW00024157,47.6217,-117.5281,717.8,WA,SPOKANE INTL AP,
USW00024160,46.0944,-118.2858,356.6,WA,WALLA WALLA RGNL AP,
USW00024163,46.2694,-119.1181,121.9,WA,PASCO TRI CITIES AP,
USW00024164,42.5781,-110.1097,2118.1,WY,BIG PINEY MARBLETON AP,
USW00024166,43.6,-110.7333,1956.5,WY,JACKSON HOLE AP,
USW00024172,40.0683,-118.5703,1189.6,NV,LOVELOCK DERBY FLD AP,
USW00024193,40.7206,-114.0358,1291.4,UT,WENDOVER AP AWOS,
USW00024214,41.7333,-122.55,767.8,CA,MONTAGUE YREKA MUNI AP,
USW00024216,40.1519,-122.2547,107.9,CA,RED BLUFF MUNI AP,
USW00024217,48.7992,-122.5406,45.7,WA,BELLINGHAM INTL AP,
USW00024219,45.6189,-121.1658,71.3,WA,DALLESPORT AP,
USW00024222,47.9233,-122.2831,167.0,WA,EVERETT SNOHOMISH CO AP,
USW00024223,46.1333,-122.9,4.9,WA,KELSO WB AP,
USW00024224,42.1667,-121.7333,1244.8,OR,KLAMATH FALLS AP,
USW00024225,42.375,-122.8769,400.2,OR,MEDFORD INTL AP,
USW00024227,46.9736,-122.905,61.0,WA,OLYMPIA AP,GSN
USW00024228,48.1333,-123.4,4.9,WA,PORT ANGELES WB AP,
USW00024229,45.5958,-122.6092,6.7,OR,PORTLAND INTL AP,
USW00024230,44.2558,-121.1408,929.3,OR,REDMOND AP,
USW00024231,43.2336,-123.3578,153.0,OR,ROSEBURG RGNL AP,
USW00024232,44.905,-123.0011,63.4,OR,SALEM AP (MCNARY FIELD),
USW00024233,47.4447,-122.3144,112.5,WA,SEATTLE TACOMA AP,
USW00024241,46.4833,-122.8167,115.5,WA,TOLEDO FAA AP,
USW00024242,45.5511,-122.4097,7.6,OR,PORTLAND TROUTDALE AP,
USW00024243,46.5639,-120.535,321.0,WA,YAKIMA AP,
USW00024257,40.5147,-122.2978,152.7,CA,REDDING AP,
USW00024259,41.7736,-122.4683,806.2,CA,MONTAGUE SISKIYOU AP,
USW00024283,40.9783,-124.1047,64.3,CA,ARCATA EUREKA AP,
USW00024284,43.4133,-124.2436,5.2,OR,N BEND SW OREGON RGNL AP,
USW00024286,41.7836,-124.2381,17.1,CA,CRESCENT CITY MCNAMARA AP,
USW00025308,55.0389,-131.5786,33.2,AK,ANNETTE AP,GSN
USW00025309,58.3539,-134.5561,5.8,AK,JUNEAU AP,
USW00025323,59.2428,-135.5114,6.4,AK,HAINES AP,
USW00025325,55.3586,-131.7219,25.6,AK,KETCHIKAN AP,
USW00025331,61.595,-149.0917,71.0,AK,PALMER AP,
USW00025333,57.0475,-135.3669,6.1,AK,SITKA AP,
USW00025335,59.4539,-135.3278,7.3,AK,SKAGWAY AP,
USW00025339,59.5122,-139.6711,12.5,AK,YAKUTAT AP,GSN
USW00025367,55.5819,-133.0747,20.7,AK,KLAWOCK AP,
USW00025501,57.7508,-152.4881,4.9,AK,KODIAK AP,
USW00025506,59.7492,-154.9089,46.3,AK,ILIAMNA AP,
USW00025507,59.6419,-151.4911,19.2,AK,HOMER AP,GSN
USW00025516,59.4458,-151.7067,8.5,AK,SELDOVIA AP,
USW00025519,58.1853,-157.3856,28.0,AK,EGEGIK AP,
USW00025624,55.2206,-162.7322,21.9,AK,COLD BAY AP,GSN
USW00025628,56.5747,-169.6628,32.0,AK,ST GEORGE IS AP,
USW00025704,51.8833,-176.65,5.2,AK,ADAK AP,
USW00025713,57.155,-170.2228,7.9,AK,SAINT PAUL IS AP,GSN
USW00026410,60.4861,-145.4444,14.6,AK,CORDOVA AP,
USW00026411,64.8031,-147.8761,131.1,AK,FAIRBANKS INTL AP,GSN
USW00026412,62.9614,-141.9383,523.0,AK,NORTHWAY AP,
USW00026414,63.3333,-149.1333,734.9,AK,SUMMIT WSO AP,
USW00026415,63.9931,-145.7214,388.0,AK,BIG DELTA AP,
USW00026422,64.7761,-141.1636,277.4,AK,EAGLE AP,
USW00026425,62.1592,-145.4589,481.0,AK,GULKANA AP,
USW00026435,64.5472,-149.0872,110.0,AK,NENANA MUNI AP,
USW00026438,60.1292,-149.4186,4.3,AK,SEWARD AP,
USW00026439,61.8,-147.6833,694.9,AK,SHEEP MTN CAA AP,
USW00026445,60.0833,-142.5,8.2,AK,YAKATAGA AP,
USW00026451,61.1692,-150.0278,38.1,AK,ANCHORAGE TED STEVENS INTL AP,
USW00026501,64.7367,-156.9344,46.6,AK,GALENA AP,
USW00026502,64.3208,-158.7325,52.7,AK,KALTAG AP,
USW00026509,64.7167,-156.9,38.1,AK,GALENA AP,
USW00026510,62.9575,-155.61,100.9,AK,MCGRATH AP,GSN
USW00026516,61.5833,-159.5333,26.2,AK,ANIAK AP,
USW00026519,62.5167,-153.8833,458.1,AK,FAREWELL FAA AP,
USW00026523,60.5792,-151.2414,30.2,AK,KENAI AP,
USW00026528,62.3197,-150.0975,106.7,AK,TALKEETNA AP,GSN
USW00026529,65.173,-152.1067,68.6,AK,TANANA AP,
USW00026533,66.9178,-151.5189,196.6,AK,BETTLES AP,
USW00026615,60.785,-161.8294,32.6,AK,BETHEL AP,GSN
USW00026616,66.8856,-162.6067,3.4,AK,KOTZEBUE AP,GSN
USW00026617,64.5111,-165.44,5.5,AK,NOME AP,GSN
USW00026620,64.7,-162.05,6.1,AK,MOSES POINT FAA AP,
USW00026628,64.5506,-163.0072,7.6,AK,GOLOVIN AP,
USW00026635,62.0953,-163.6819,102.7,AK,MTN VILLAGE AP,
USW00026642,67.7306,-164.5478,5.8,AK,KIVALINA AP,
USW00026643,66.0694,-162.7614,5.5,AK,DEERING AP,
USW00026644,62.65,-160.1833,26.8,AK,ANVIK AP,
USW00026653,60.5414,-165.0872,18.0,AK,TOKSOOK BAY AP,
USW00027401,70.1333,-143.6333,11.9,AK,BARTER ISLAND WSO AP,GSN
USW00027502,71.2869,-156.7394,8.2,AK,BARROW AP,GSN
USW00027503,70.6367,-160.0131,12.5,AK,WAINWRIGHT AP,
USW00027515,70.2125,-150.9944,11.3,AK,NUIQSUT AP,
USW00053119,36.3114,-119.6231,75.9,CA,HANFORD MUNI AP,
USW00053120,33.0381,-116.9161,422.1,CA,RAMONA AP,
USW00053121,33.2194,-117.3497,9.1,CA,OCEANSIDE MUNI AP,
USW00053127,35.9761,-115.1325,749.2,NV,LAS VEGAS HENDERSON AP,
USW00053175,33.8978,-117.6025,162.5,CA,CORONA MUNICIPAL AP,
USW00053802,39.4744,-88.2722,216.4,IL,MATTOON CHARLESTON COLES CO AP,
USW00053803,37.75,-87.1667,122.8,KY,OWENSBORO DAVIESS CO RGNL AP,
USW00053808,31.4667,-89.3333,89.3,MS,LAUREL HATTIESBURG RGNL AP,
USW00053838,34.2722,-83.8306,386.5,GA,GAINESVILLE LEE GILMER MEM AP,
USW00053841,38.1847,-84.9039,236.8,KY,FRANKFORT CAPITAL CITY AP,
USW00053842,39.8247,-86.2958,247.5,IN,INDIANAPOLIS EAGLE CREEK AP,
USW00053843,31.3061,-86.3903,97.5,AL,ANDALUSIA OPP AP,
USW00053844,39.7572,-82.6633,258.8,OH,LANCASTER FAIRFIELD CO AP,
USW00053850,34.6722,-82.8814,271.0,SC,CLEMSON OCONEE CO AP,
USW00053853,30.3933,-86.4675,5.5,FL,DESTIN FT WALTON BEACH AP,
USW00053854,33.4639,-80.8533,59.1,SC,ORANGEBURG MUNI AP,
USW00053855,39.3611,-84.5206,184.7,OH,HAMILTON BUTLER CO RGNL AP,
USW00053858,30.4631,-88.5317,2.7,MS,PASCAGOULA LOTT INTL AP,
USW00053859,39.5917,-84.2264,290.5,OH,DAYTON WRIGHT BROTHERS AP,
USW00053860,30.3369,-81.5128,11.9,FL,JACKSONVILLE CRAIG MUNI AP,
USW00053862,30.0719,-83.5736,13.7,FL,PERRY FOLEY AP,
USW00053863,33.8783,-84.2981,298.4,GA,ATLANTA DEKALB PEACHTREE AP,
USW00053864,33.1783,-86.7817,172.5,AL,ALABASTER SHELBY CO AP ASOS,
USW00053865,30.3436,-89.8225,7.6,LA,SLIDELL AP,
USW00053866,39.5856,-85.7997,244.4,IN,SHELBYVILLE MUNI AP,
USW00053867,33.9719,-80.9939,54.9,SC,COLUMBIA OWENS DWTN AP,
USW00053869,35.9378,-89.8331,77.7,AR,BLYTHEVILLE MUNI AP,
USW00053870,35.1967,-81.1556,241.4,NC,GASTONIA MUNI AP,
USW00053871,34.9836,-81.0561,197.5,SC,ROCK HILL YORK CO AP,
USW00053872,35.0147,-80.6242,204.5,NC,MONROE AP,
USW00053873,34.1158,-84.8508,230.1,GA,CARTERSVILLE AP,
USW00053874,34.2539,-82.1528,188.1,SC,GREENWOOD CO AP,
USW00053879,38.9578,-94.3711,304.8,MO,LEES SUMMIT MUNI AP,
USW00053901,36.8792,-91.9053,373.7,MO,W PLAINS MUNI AP,
USW00053902,30.3611,-95.4175,69.5,TX,CONROE MONTGOMERY CO AP,
USW00053903,30.7444,-95.5867,105.5,TX,HUNTSVILLE MUNI AP,
USW00053904,38.9306,-90.4328,131.7,MO,ST CHARLES CO AP,
USW00053905,32.5397,-93.7461,52.1,LA,SHREVEPORT DWTN AP,
USW00053907,32.6583,-97.095,179.8,TX,ARLINGTON MUNI AP,
USW00053908,36.0425,-95.9903,189.0,OK,TULSA RICHARD L JONES JR AP,
USW00053909,32.9944,-97.3203,215.5,TX,FT WORTH ALLIANCE AP,
USW00053910,30.0681,-95.5564,46.6,TX,HOUSTON HOOKS MEM AP,
USW00053911,32.7131,-96.2689,143.0,TX,TERRELL MUNI AP,
USW00053913,35.8517,-97.4142,324.6,OK,GUTHRIE MUNI AP,
USW00053914,33.1828,-96.59,173.4,TX,MCKINNEY MUNI AP,
USW00053915,30.0292,-91.8844,4.9,LA,NEW IBERIA AP - ACADIANA RGNL,
USW00053917,30.0494,-90.0289,0.9,LA,NEW ORLEANS LAKEFRONT AP,
USW00053918,36.3706,-92.4719,281.0,AR,MTN HOME BAXTER CO RGNL AP,
USW00053919,33.6361,-91.7556,85.0,AR,MONTICELLO MUNI AP,
USW00053920,35.2572,-93.095,115.5,AR,RUSSELLVILLE MUNI AP,
USW00053925,34.0481,-94.4017,106.7,AR,DE QUEEN SEVIER CO AP,
USW00053928,30.2189,-96.3742,93.9,TX,BRENHAM MUNI AP,
USW00053931,38.0964,-92.5531,264.9,MO,KAISER AP,
USW00053934,35.7261,-91.6472,141.1,AR,BATESVILLE RGNL AP,
USW00053942,30.6792,-97.6794,239.9,TX,GEORGETOWN MUNI AP,
USW00053948,31.5778,-94.7094,108.2,TX,NACOGDOCHES MANGHAM AP,
USW00053952,31.4847,-97.3164,180.4,TX,WACO MCGREGOR EXEC AP,
USW00053955,36.1906,-94.4908,363.6,AR,SILOAM SPRINGS AP,
USW00053959,35.14,-90.2358,63.7,AR,W MEMPHIS MUNI AP,
USW00053964,33.2544,-97.5806,319.1,TX,DECATUR MUNI AP,
USW00053965,33.11,-98.5553,342.3,TX,GRAHAM MUNI AP,
USW00053966,32.4561,-96.9125,228.3,TX,MID WAY RGNL AP,
USW00053967,33.7142,-96.6736,228.3,TX,GRAYSON CO AP,
USW00053970,32.7469,-96.5306,136.2,TX,MESQUITE METRO AP,
USW00053972,32.0836,-97.0972,208.8,TX,HILLSBORO MUNI AP,
USW00053973,30.8719,-96.6222,86.9,TX,HEARNE MUNI AP,
USW00053975,32.5792,-96.7192,152.7,TX,LANCASTER AP,
USW00053976,33.1753,-97.8283,259.4,TX,BRIDGEPORT MUNI AP,
USW00053977,32.4444,-97.8169,237.1,TX,GRANBURY MUNI AP,
USW00053979,30.1692,-96.98,147.8,TX,GIDDINGS LEE CO AP,
USW00053981,32.3539,-97.4339,260.3,TX,CLEBURNE MUNI AP,
USW00053983,30.7836,-98.6619,335.9,TX,LLANO MUNI AP,
USW00053984,32.6986,-97.0467,179.5,TX,GRAND PRAIRIE MUNI AP,
USW00053985,35.2119,-91.7369,80.5,AR,SEARCY MUNI AP,
USW00053996,34.5453,-94.2025,328.9,AR,MENA INTERMOUNTAIN AP,
USW00053997,31.9167,-98.6003,423.1,TX,COMANCHE CO CITY AP,
USW00054704,42.1911,-71.1733,13.1,MA,NORWOOD MEM AP,
USW00054733,42.5842,-70.9153,27.7,MA,BEVERLY MUNI AP,
USW00054734,41.3722,-73.4833,138.1,CT,DANBURY MUNI AP,
USW00054737,40.1206,-76.2944,121.0,PA,LANCASTER AP,
USW00054740,43.3422,-72.5214,173.1,VT,SPRINGFIELD HARTNESS STATE AP,
USW00054743,40.8764,-74.2828,52.1,NJ,CALDWELL ESSEX CO AP,
USW00054756,42.57,-72.2869,165.8,MA,ORANGE MUNI AP,
USW00054757,42.1078,-77.9842,637.6,NY,WELLSVILLE MUNI AP,
USW00054767,41.7425,-72.1825,75.0,CT,WILLIMANTIC WINDHAM AP,
USW00054768,42.6972,-73.1697,196.9,MA,N ADAMS HARRIMAN AP,
USW00054769,41.9086,-70.7278,42.4,MA,PLYMOUTH MUNI AP,
USW00054770,42.8067,-72.0014,308.5,NH,JAFFREY MUNI AP SILVER RCH,
USW00054771,44.5328,-72.6153,224.3,VT,MORRISVILLE STOWE STATE AP,
USW00054772,43.99,-70.95,137.8,ME,FRYEBURG ESTRN SLOPES RGNL AP,
USW00054773,43.3503,-76.3831,143.6,NY,FULTON OSWEGO CO AP,
USW00054777,41.8756,-71.0208,8.5,MA,TAUNTON MUNI AP,
USW00054778,42.6442,-77.0528,267.3,NY,PENN YAN AP,
USW00054779,41.0092,-74.7364,176.8,NJ,AEROFLEX-ANDOVER AP,
USW00054780,41.0731,-71.9236,2.1,NY,MONTAUK AP,
USW00054781,42.8936,-73.2489,241.1,VT,BENNINGTON MORSE STATE AP,
USW00054782,40.2381,-75.5547,88.7,PA,HERITAGE FLD AP,
USW00054785,40.6242,-74.6689,30.2,NJ,SOMERSET AP,
USW00054786,40.3303,-75.1228,120.4,PA,DOYLESTOWN AP,
USW00054787,40.7344,-73.4164,22.9,NY,FARMINGDALE REPUBLIC AP,
USW00054788,41.5097,-72.8278,29.6,CT,MERIDEN MARKHAM MUNI AP,
USW00054790,40.8211,-72.8675,20.1,NY,SHIRLEY BROOKHAVEN AP,
USW00054791,43.2794,-70.9242,100.3,NH,ROCHESTER SKYHAVEN AP,
USW00054792,41.0464,-78.4111,459.9,PA,CLEARFIELD LAWRENCE AP,
USW00054793,41.1992,-74.6258,127.4,NJ,SUSSEX AP,
USW00054831,40.4833,-88.95,263.7,IL,BLOOMINGTON NORMAL AP,
USW00054911,45.1008,-90.3033,448.1,WI,TAYLOR CO AP,
USW00063803,33.9797,-83.9633,323.4,GA,LAWRENCEVILLE AP,
USW00063813,34.0131,-84.5986,317.0,GA,MARIETTA COBB CO AP,
USW00063870,31.0447,-86.312,90.8,AL,FLORALA MUNI AP,
USW00063871,30.8431,-85.6044,31.1,FL,BONIFAY TRI CO AP,
USW00063872,31.9517,-85.1311,86.9,AL,EUFAULA WEEDON FLD AP,
USW00063874,31.8467,-86.6142,134.7,AL,GREENVILLE MAC CRENSHAW MEM AP,
USW00063888,39.8403,-83.84,320.3,OH,SPRINGFIELD BECKLEY AP,
USW00063904,30.5725,-97.4431,182.9,TX,TAYLOR MUNI AP,
USW00064705,40.7769,-79.9497,380.1,PA,BUTLER CO AP,
USW00064709,43.3936,-70.7078,74.4,ME,SANFORD RGNL AP,
USW00064710,41.9206,-71.4911,134.4,RI,NORTH CENTRAL STATE AP,
USW00064776,44.6392,-73.4631,50.3,NY,PLATTSBURGH INTL AP,
USW00073805,30.3486,-85.7883,17.1,FL,NW FLORIDA BEACHES INTL AP,
USW00092802,28.1878,-82.6258,12.5,FL,TAMPA BAY EXEC AP,
USW00092809,25.9994,-80.2411,1.8,FL,HOLLYWOOD N PERRY AP,
USW00092814,29.9592,-81.3397,3.0,FL,ST AUGUSTINE AP,
USW00093005,37.1431,-107.7603,2020.5,CO,DURANGO LA PLATA CO AP,
USW00093009,39.2281,-106.3164,3030.6,CO,LEADVILLE LAKE CO AP,
USW00093013,38.5053,-107.8981,1739.5,CO,MONTROSE RGNL AP,
USW00093026,31.4583,-109.6067,1247.9,AZ,DOUGLAS (BISBEE) INTL AP,
USW00093033,32.3336,-104.2583,990.6,NM,CAVERN CITY AP,
USW00093037,38.8094,-104.6886,1884.3,CO,COLORADO SPRINGS MUNI AP,
USW00093041,32.2833,-106.9167,1357.6,NM,LAS CRUCES MUNI AP,
USW00093042,36.0253,-102.5489,1215.5,TX,DALHART FAA AP,
USW00093045,33.2369,-107.2686,1470.1,NM,TRUTH OR CONSEQUENCES MUNI AP,
USW00093057,35.1653,-107.9022,1987.3,NM,GRANTS MILAN MUNI AP,
USW00093058,38.2886,-104.5058,1424.6,CO,PUEBLO MEM AP,
USW00093063,32.6333,-108.1667,1637.7,NM,SILVER CITY CO AP,
USW00093067,39.56,-104.8483,1789.2,CO,DENVER CENTENNIAL AP,
USW00093069,37.3069,-108.6264,1799.2,CO,CORTEZ MONTEZUMA CO AP,
USW00093073,39.23,-106.8706,2339.9,CO,ASPEN PITKIN CO AP SARDY FLD,
USW00093075,38.75,-109.7628,1387.1,UT,MOAB CANYONLAND AP,
USW00093084,32.8567,-109.6361,967.7,AZ,SAFFORD MUNI AP,
USW00093097,32.8397,-105.9906,1280.2,NM,ALAMOGORDO RGNL AP,
USW00093110,34.2,-119.2042,11.9,CA,OXNARD VENTURA CO AP,
USW00093123,39.4167,-118.7167,1200.0,NV,FALLON CAA AP,
USW00093129,37.7067,-113.0969,1703.8,UT,CEDAR CITY AP,
USW00093141,39.6089,-110.7556,1777.3,UT,PRICE CARBON CO AP,
USW00093167,35.2575,-113.9342,1043.3,AZ,KINGMAN AP,
USW00093184,33.6797,-117.8675,13.1,CA,SANTA ANA JOHN WAYNE AP,
USW00093197,34.0211,-118.4472,53.3,CA,SANTA MONICA MUNI AP,
USW00093198,37.05,-113.5167,882.7,UT,ST GEORGE CAA AP,
USW00093205,39.1019,-121.5689,18.9,CA,MARYSVILLE AP (ASOS),
USW00093209,35.6694,-120.6292,249.9,CA,PASO ROBLES MUNI AP,
USW00093210,39.4942,-121.6222,57.0,CA,OROVILLE MUNI AP,
USW00093225,38.7006,-121.5947,7.3,CA,SACRAMENTO METRO AP,
USW00093227,38.2075,-122.2803,4.9,CA,NAPA CO AP,
USW00093230,38.8983,-119.9961,1907.1,CA,S LAKE TAHOE AP,
USW00093241,38.3775,-121.9586,31.7,CA,VACAVILLE/NUT TREE AP ASOS,
USW00093242,36.985,-120.1106,76.5,CA,MADERA MUNI AP,
USW00093706,39.7061,-77.7303,209.4,MD,HAGERSTOWN RGNL AP,
USW00093720,38.3408,-75.5133,14.3,MD,SALISBURY-WICOMICO RGNL AP,
USW00093721,39.1733,-76.6842,42.1,MD,BALTIMORE-WASHINGTON INTL AP,
USW00093730,39.4519,-74.5669,17.7,NJ,ATLANTIC CITY INTL AP,
USW00093736,38.1375,-78.455,192.3,VA,CHARLOTTESVILLE ALBEMARLE AP,
USW00093738,38.9347,-77.4472,89.6,VA,WASHINGTON DULLES INTL AP,
USW00093740,34.9894,-78.88,56.7,NC,FAYETTEVILLE RGNL AP GRANNIS F,
USW00093741,37.1322,-76.4939,11.0,VA,NEWPORT NEWS INTL AP,
USW00093759,35.8503,-77.895,45.7,NC,ROCKY MT WILSON AP,
USW00093775,37.7092,-77.4347,61.6,VA,ASHLAND HANOVER CO MUNI AP,
USW00093778,39.9194,-76.8769,141.4,PA,YORK AP,
USW00093780,39.9408,-74.8408,15.2,NJ,S JERSEY RGNL AP,
USW00093781,36.4394,-77.7097,78.0,NC,ROANOKE RAPIDS HALIFAX CO AP,
USW00093782,34.7914,-79.3683,64.9,NC,LAURINBURG MAXTON AP,
USW00093783,36.0475,-79.4739,185.0,NC,BURLINGTON ALAMANCE RGNL AP,
USW00093785,35.9333,-79.0642,156.1,NC,CHAPEL HILL WILLIAMS AP,
USW00093786,38.3092,-75.1233,1.8,MD,OCEAN CITY MUNI AP,
USW00093801,34.3483,-85.1617,194.8,GA,ROME R B RUSSELL AP,
USW00093803,35.9667,-85.7833,328.9,TN,SMITHVILLE CAA AP,
USW00093804,34.9167,-81.95,248.1,SC,SPARTANBURG WB AP,
USW00093806,33.2122,-87.6156,45.1,AL,TUSCALOOSA AP ASOS,
USW00093807,36.1333,-80.2244,291.7,NC,WINSTON SALEM REYNOLDS AP,
USW00093808,36.9647,-86.4239,159.4,KY,BOWLING GREEN WARREN CO AP,
USW00093810,37.7833,-89.2453,121.9,IL,CARBONDALE STHRN ILLINOIS AP,
USW00093812,39.1061,-84.4161,144.8,OH,CINCINNATI MUNI AP LUNKEN FLD,
USW00093815,39.9064,-84.2186,302.7,OH,DAYTON INTL AP,
USW00093817,38.0503,-87.5147,122.5,IN,EVANSVILLE RGNL AP,GSN
USW00093820,38.0339,-84.6114,293.2,KY,LEXINGTON BLUEGRASS AP,GSN
USW00093821,38.1775,-85.7308,146.3,KY,LOUISVILLE INTL AP,
USW00093823,39.45,-87.3,175.3,IN,TERRE HAUTE CAA AP,
USW00093824,39.9461,-81.8931,268.5,OH,ZANESVILLE MUNI AP,
USW00093836,31.25,-81.4667,9.1,GA,BRUNSWICK GLYNN CO AP,
USW00093842,32.5164,-84.9422,120.1,GA,COLUMBUS METRO AP,
USW00093843,31.2333,-85.4333,97.8,AL,DOTHAN FAA AP,
USW00093845,30.7764,-83.2739,58.8,GA,VALDOSTA RGNL AP,
USW00093846,34.4981,-82.7092,233.8,SC,ANDERSON FAA AP,
USW00093862,34.2622,-88.7714,103.6,MS,TUPELO RGNL AP,
USW00093874,30.4122,-89.0808,4.9,MS,GULFPORT - BILOXI AP,
USW00093909,38.8222,-94.8903,321.6,KS,OLATHE JOHNSON CO IND AP,
USW00093915,31.3347,-92.5586,25.0,LA,ALEXANDRIA INTL AP,
USW00093919,31.1822,-90.4719,123.4,MS,MCCOMB AP,
USW00093929,33.6514,-97.1969,255.7,TX,GAINESVILLE MUNI AP,
USW00093937,33.1667,-95.6167,149.0,TX,SULPHUR SPRINGS MUNI AP,
USW00093947,30.2433,-98.9097,516.6,TX,FREDERICKSBURG GILLESPIE CO AP,
USW00093950,34.8825,-95.7817,229.5,OK,MCALESTER RGNL AP,
USW00093967,37.0911,-95.5725,227.4,KS,COFFEYVILLE MUNI AP,
USW00093983,31.7797,-95.7064,128.9,TX,PALESTINE MUNI AP,
USW00093985,32.7817,-98.0603,287.1,TX,MINERAL WELLS AP,
USW00093986,34.9892,-99.0528,473.4,OK,HOBART MUNI AP,
USW00093987,31.2358,-94.7547,87.2,TX,LUFKIN ANGELINA CO AP,
USW00093989,39.9372,-91.1967,231.6,IL,QUINCY RGNL AP,
USW00093990,39.3742,-99.83,667.2,KS,HILL CITY MUNI AP,
USW00093991,36.1253,-90.9244,83.2,AR,WALNUT RIDGE MUNI AP,
USW00093996,37.7667,-90.4,274.0,MO,FARMINGTON FAA AP,
USW00093997,38.8725,-98.8092,568.1,KS,RUSSELL MUNI AP,
USW00093999,32.2333,-90.9333,34.1,MS,VICKSBURG CAA AP 2,
USW00094012,48.5425,-109.7644,788.2,MT,HAVRE AP ASOS,
USW00094017,48.0942,-105.5783,604.7,MT,WOLF PT INTL AP,
USW00094023,44.3397,-105.5417,1330.1,WY,GILLETTE CAMPBELL CO AP,
USW00094025,40.4811,-107.2175,2011.7,CO,HAYDEN YAMPA VALLEY AP,
USW00094028,47.7167,-104.1833,603.5,MT,SIDNEY RICHLAND MUNI AP,
USW00094030,40.4431,-109.5128,1605.1,UT,VERNAL MUNI AP,
USW00094032,43.7331,-103.615,1695.9,SD,CUSTER CO AP,
USW00094035,40.45,-105.0167,1526.7,CO,FT COLLINS LOVELAND AP,
USW00094038,46.0108,-102.6517,823.3,ND,HETTINGER MUNI AP,
USW00094039,43.0261,-102.52,1001.9,SD,PINE RIDGE AP,
USW00094040,40.2039,-100.5903,779.4,NE,MCCOOK MUNI AP,
USW00094050,40.0444,-107.8883,1940.7,CO,MEEKER AP,
USW00094051,47.3258,-106.9486,801.0,MT,JORDAN AP,
USW00094052,45.5494,-100.4086,520.9,SD,MOBRIDGE MUNI AP,
USW00094053,42.0614,-104.1583,1278.3,WY,TORRINGTON MUNI AP,
USW00094054,44.3811,-106.7194,1503.9,WY,BUFFALO JOHNSON CO AP,
USW00094055,46.3519,-104.2614,902.8,MT,BAKER MUNI AP,
USW00094056,45.0325,-102.02,783.9,SD,FAITH MUNI AP,
USW00094057,42.7961,-105.3806,1503.0,WY,CONVERSE CO AP ASOS,
USW00094107,42.5903,-117.8644,1236.0,OR,ROME STATE AP,
USW00094119,47.9742,-117.4292,672.1,WA,DEER PARK AP,
USW00094128,41.7864,-111.8519,1355.8,UT,LOGAN CACHE AP,
USW00094129,46.7439,-117.1158,775.7,WA,PULLMAN MOSCOW RGNL AP,
USW00094178,42.4786,-114.4775,1269.8,ID,TWIN FALLS SUN VALLEY RGNL AP,
USW00094182,44.8942,-116.0997,1531.0,ID,MCCALL AP,
USW00094185,43.5947,-118.9578,1262.8,OR,BURNS MUNI AP,
USW00094194,43.8322,-111.8075,1480.7,ID,REXBURG MADISON CO AP,
USW00094224,46.1569,-123.8833,3.4,OR,ASTORIA AP (PORT OF),
USW00094225,46.9728,-123.9308,4.6,WA,HOQUIAM BOWERMAN AP,
USW00094227,47.2383,-123.1414,84.1,WA,SHELTON AP,
USW00094236,42.1469,-121.7256,1244.5,OR,KLAMATH FALLS INTL AP,
USW00094239,47.3975,-120.2011,377.3,WA,WENATCHEE PANGBORN MEM AP,
USW00094240,47.9369,-124.5575,56.4,WA,QUILLAYUTE AP,
USW00094248,47.495,-122.2144,5.5,WA,RENTON MUNI AP,
USW00094261,45.5475,-122.9558,59.7,OR,PORTLAND-HILLSBORO AP,
USW00094266,48.1219,-123.5067,83.2,WA,PORT ANGELES FAIRCHILD INTL AP,
USW00094273,45.1958,-123.1339,48.2,OR,MCMINNVILLE MUNI AP,
USW00094274,47.2675,-122.5761,88.4,WA,TACOMA NARROWS AP,
USW00094276,48.52,-123.0264,34.1,WA,FRIDAY HARBOR AP,
USW00094281,45.2467,-122.7708,59.7,OR,AURORA STATE AP,
USW00094285,42.1667,-120.4,1441.1,OR,LAKEVIEW LAKE CO AP,
USW00094298,45.6211,-122.6542,6.4,WA,VANCOUVER PEARSON AP,
USW00094299,41.4836,-120.5614,1335.9,CA,ALTURAS MUNI AP,
USW00094623,43.9639,-69.7114,16.2,ME,WISCASSET AP,
USW00094624,41.6878,-69.993,18.6,MA,CHATHAM MUNI AP,
USW00094700,44.5761,-71.1783,342.3,NH,BERLIN MUNI AP,
USW00094702,41.1642,-73.1267,1.8,CT,IGOR I SIKORSKY MEM AP,
USW00094704,42.5697,-77.7142,196.0,NY,DANSVILLE MUNI AP,
USW00094705,44.205,-72.5656,336.8,VT,MONTPELIER AP,
USW00094720,41.6719,-70.2697,11.3,MA,HYANNIS BARNSTABLE MUNI AP,
USW00094723,42.7125,-71.1256,41.5,MA,LAWRENCE MUNI AP,
USW00094725,44.9333,-74.8483,61.0,NY,MASSENA INTL AP,
USW00094726,41.6792,-70.9592,22.6,MA,NEW BEDFORD MUNI AP,
USW00094732,40.0789,-75.0133,32.9,PA,NE PHILA AP,
USW00094733,44.6872,-73.5231,113.4,NY,PLATTSBURGH CLINTON CO AP,
USW00094737,43.5333,-72.95,239.0,VT,RUTLAND STATE AP,
USW00094740,44.3928,-74.2028,505.7,NY,SARANAC LK ADIRONDACK RGNL AP,
USW00094741,40.8589,-74.0561,0.9,NJ,TETERBORO AP,
USW00094745,41.0622,-73.7044,112.8,NY,WESTCHESTER CO AP,
USW00094765,43.6269,-72.3053,168.9,NH,LEBANON MUNI AP,
USW00094789,40.6392,-73.7639,2.7,NY,JFK INTL AP,
USW00094790,43.9886,-76.0261,94.8,NY,WATERTOWN AP,
USW00094793,41.1667,-71.5833,33.5,RI,BLOCK ISLAND STATE AP,
USW00094794,43.145,-75.3839,216.7,NY,UTICA ONEIDA CO AP,
USW00094814,44.3592,-84.6739,350.5,MI,HOUGHTON LAKE ROSCOMMON CO AP,
USW00094815,42.2283,-85.5461,263.3,MI,KALAMAZOO BATTLE CREEK INTL AP,
USW00094817,42.6631,-83.4103,295.4,MI,PONTIAC OAKLAND CO INTL AP,
USW00094818,42.7586,-87.8178,203.6,WI,RACINE BATTEN AP,
USW00094822,42.1933,-89.0933,221.0,IL,ROCKFORD GTR ROCKFORD AP,
USW00094830,41.5869,-83.8053,205.4,OH,TOLEDO EXPRESS AP,
USW00094846,41.9603,-87.9317,204.8,IL,CHICAGO OHARE INTL AP,
USW00094847,42.2311,-83.3311,192.0,MI,DETROIT METRO AP,
USW00094849,45.0717,-83.5644,208.2,MI,ALPENA CO RGNL AP,
USW00094853,45.7333,-87.0833,181.1,MI,ESCANABA DELTA CO AP,
USW00094855,43.9872,-88.5564,239.3,WI,OSHKOSH WITTMAN RGNL AP,
USW00094870,40.0325,-88.2756,226.5,IL,CHAMPAIGN URBANA WILLARD AP,
USW00094889,42.2239,-83.7397,250.5,MI,ANN ARBOR MUNI AP,
USW00094892,41.8964,-88.2511,228.3,IL,CHICAGO W CHICAGO DUPAGE AP,
USW00094893,45.8133,-88.1131,343.2,MI,IRON MTN FORD AP,
USW00094895,40.2344,-85.3936,285.3,IN,MUNCIE DELAWARE CO AP,
USW00094908,42.3983,-90.7092,317.0,IA,DUBUQUE RGNL AP,
USW00094910,42.5544,-92.4014,264.3,IA,WATERLOO MUNI AP,
USW00094929,46.5467,-90.9183,250.2,WI,ASHLAND KENNEDY MEM AP,
USW00094931,47.3803,-92.8325,408.1,MN,HIBBING CHISHOLM HIBBING AP,
USW00094938,46.4019,-94.1272,372.5,MN,BRAINERD CROW WING CO AP,
USW00094943,43.7667,-99.3183,519.1,SD,CHAMBERLAIN MUNI AP,
USW00094946,41.4367,-99.6386,771.1,NE,BROKEN BOW MUNI AP,
USW00094948,43.65,-94.4167,353.9,MN,FAIRMONT MUNI AP,
USW00094949,40.6003,-98.4264,591.0,NE,HASTINGS MUNI AP,
USW00094950,43.7742,-98.0383,396.5,SD,MITCHELL AP,
USW00094960,45.0622,-93.3511,263.3,MN,MINNEAPOLIS CRYSTAL AP,
USW00094961,48.7261,-94.6122,329.8,MN,BAUDETTE INTL AP,
USW00094963,44.8322,-93.4706,275.8,MN,MINNEAPOLIS FLYING CLOUD AP,
USW00094967,46.8997,-95.0669,439.2,MN,PARK RAPIDS MUNI AP,
USW00094971,43.4008,-94.7478,400.5,IA,ESTHERVILLE MUNI AP,
USW00094973,46.0303,-91.4425,368.8,WI,HAYWARD MUNI AP,
USW00094978,41.7631,-96.1797,312.1,NE,TEKAMAH MUNI AP,
USW00094985,44.6378,-90.1875,381.6,WI,MARSHFIELD MUNI AP,
USW00094988,42.1106,-92.9164,295.4,IA,MARSHALLTOWN MUNI AP,
USW00094989,41.9906,-93.6186,281.3,IA,AMES MUNI AP,
USW00094991,40.6306,-93.9006,345.6,IA,LAMONI MUNI AP,
USW00094993,45.6689,-96.9919,353.0,SD,SISSETON MUNI AP,
USW00094994,43.1561,-90.6775,203.0,WI,BOSCOBEL AP,
